-- phpMyAdmin SQL Dump
-- version 2.8.0.3
-- http://www.phpmyadmin.net
-- 
-- Servidor: localhost
-- Tiempo de generación: 27-11-2006 a las 18:59:33
-- Versión del servidor: 5.0.21
-- Versión de PHP: 5.1.4
-- 
-- Base de datos: `dbclub`
-- 

-- --------------------------------------------------------

-- 
-- Estructura de tabla para la tabla `categoria`
-- 

CREATE TABLE `categoria` (
  `id_categoria` int(10) unsigned NOT NULL auto_increment,
  `cuota` float NOT NULL,
  `nombre` varchar(45) NOT NULL,
  `edad_min` int(10) unsigned NOT NULL,
  `edad_max` int(10) unsigned NOT NULL,
  `cuota_str` varchar(45) NOT NULL,
  PRIMARY KEY  (`id_categoria`)
) ENGINE=InnoDB DEFAULT CHARSET=latin1 AUTO_INCREMENT=6 ;

-- 
-- Volcar la base de datos para la tabla `categoria`
-- 

INSERT INTO `categoria` VALUES (1, 40, 'Familiar', 0, 999, 'CUARENTA');
INSERT INTO `categoria` VALUES (2, 10, 'Menores', 0, 13, 'DIEZ');
INSERT INTO `categoria` VALUES (3, 15, 'Cadetes', 14, 20, 'QUINCE');
INSERT INTO `categoria` VALUES (4, 20, 'Mayores', 21, 999, 'VEINTE');
INSERT INTO `categoria` VALUES (5, 0, 'Vitalicio', 0, 999, 'LOS VITALICIOS NO PAGAN!!!');

-- --------------------------------------------------------

-- 
-- Estructura de tabla para la tabla `cobrador`
-- 

CREATE TABLE `cobrador` (
  `id_cobrador` int(10) unsigned NOT NULL auto_increment,
  `nombre` varchar(45) NOT NULL,
  `apellido` varchar(45) NOT NULL,
  `dni` bigint(20) unsigned NOT NULL,
  PRIMARY KEY  (`id_cobrador`)
) ENGINE=InnoDB DEFAULT CHARSET=latin1 AUTO_INCREMENT=17 ;

-- 
-- Volcar la base de datos para la tabla `cobrador`
-- 

INSERT INTO `cobrador` VALUES (1, 'Emanuel', 'Banchio', 30839393);
INSERT INTO `cobrador` VALUES (2, 'Federico', 'Gomez', 28884933);
INSERT INTO `cobrador` VALUES (3, 'Harry', 'Portel', 22334554);
INSERT INTO `cobrador` VALUES (16, 'Pepe', 'NoExist', 31331331);

-- --------------------------------------------------------

-- 
-- Estructura de tabla para la tabla `liquidacion`
-- 

CREATE TABLE `liquidacion` (
  `id_liq` int(10) unsigned NOT NULL auto_increment,
  `mes` int(10) unsigned NOT NULL,
  `anio` int(10) unsigned NOT NULL,
  `fecha` datetime NOT NULL,
  PRIMARY KEY  (`id_liq`)
) ENGINE=InnoDB DEFAULT CHARSET=latin1 AUTO_INCREMENT=375 ;

-- 
-- Volcar la base de datos para la tabla `liquidacion`
-- 

INSERT INTO `liquidacion` VALUES (359, 11, 2006, '2006-12-01 16:46:06');
INSERT INTO `liquidacion` VALUES (360, 12, 2006, '2006-11-27 16:47:35');
INSERT INTO `liquidacion` VALUES (361, 1, 2007, '2006-11-27 16:48:05');
INSERT INTO `liquidacion` VALUES (362, 2, 2007, '2006-11-27 16:48:09');
INSERT INTO `liquidacion` VALUES (363, 3, 2007, '2006-11-27 16:48:11');
INSERT INTO `liquidacion` VALUES (364, 4, 2007, '2006-11-27 16:48:12');
INSERT INTO `liquidacion` VALUES (365, 5, 2007, '2006-11-27 16:48:13');
INSERT INTO `liquidacion` VALUES (366, 6, 2007, '2006-11-27 16:48:15');
INSERT INTO `liquidacion` VALUES (367, 7, 2007, '2006-11-27 16:48:16');
INSERT INTO `liquidacion` VALUES (368, 8, 2007, '2006-11-27 16:48:17');
INSERT INTO `liquidacion` VALUES (369, 9, 2007, '2006-11-27 16:48:19');
INSERT INTO `liquidacion` VALUES (370, 10, 2007, '2006-11-27 16:48:20');
INSERT INTO `liquidacion` VALUES (371, 11, 2007, '2006-11-27 16:48:22');
INSERT INTO `liquidacion` VALUES (372, 12, 2007, '2006-11-27 16:48:24');
INSERT INTO `liquidacion` VALUES (373, 1, 2008, '2006-11-27 16:48:26');
INSERT INTO `liquidacion` VALUES (374, 2, 2008, '2006-11-27 16:49:20');

-- --------------------------------------------------------

-- 
-- Estructura de tabla para la tabla `recibo`
-- 

CREATE TABLE `recibo` (
  `id_recibo` int(10) unsigned NOT NULL auto_increment,
  `numero_recibo` int(10) unsigned NOT NULL,
  `valor` float unsigned NOT NULL,
  `devuelto` tinyint(1) NOT NULL,
  `id_liq` int(10) unsigned default NULL,
  `id_socio` int(10) unsigned NOT NULL,
  `mes` int(10) unsigned NOT NULL,
  `anio` int(10) unsigned NOT NULL,
  `valor_str` varchar(45) NOT NULL,
  `id_categoria` int(10) unsigned NOT NULL,
  PRIMARY KEY  (`id_recibo`),
  KEY `FK_recibo_1` (`id_liq`),
  KEY `FK_recibo_2` (`id_socio`),
  KEY `FK_recibo_3` (`id_categoria`)
) ENGINE=InnoDB DEFAULT CHARSET=latin1 AUTO_INCREMENT=1786 ;

-- 
-- Volcar la base de datos para la tabla `recibo`
-- 

INSERT INTO `recibo` VALUES (1471, 19, 10, 0, 360, 1524, 12, 2006, 'DIEZ', 2);
INSERT INTO `recibo` VALUES (1472, 18, 20, 0, 360, 1523, 12, 2006, 'VEINTE', 4);
INSERT INTO `recibo` VALUES (1473, 5, 10, 0, 360, 1510, 12, 2006, 'DIEZ', 2);
INSERT INTO `recibo` VALUES (1474, 6, 20, 0, 360, 1511, 12, 2006, 'VEINTE', 4);
INSERT INTO `recibo` VALUES (1475, 13, 20, 0, 360, 1518, 12, 2006, 'VEINTE', 4);
INSERT INTO `recibo` VALUES (1476, 9, 20, 0, 360, 1514, 12, 2006, 'VEINTE', 4);
INSERT INTO `recibo` VALUES (1477, 7, 20, 0, 360, 1512, 12, 2006, 'VEINTE', 4);
INSERT INTO `recibo` VALUES (1478, 16, 10, 0, 360, 1521, 12, 2006, 'DIEZ', 2);
INSERT INTO `recibo` VALUES (1479, 1, 20, 0, 360, 1506, 12, 2006, 'VEINTE', 4);
INSERT INTO `recibo` VALUES (1480, 12, 20, 0, 360, 1517, 12, 2006, 'VEINTE', 4);
INSERT INTO `recibo` VALUES (1481, 17, 10, 0, 360, 1522, 12, 2006, 'DIEZ', 2);
INSERT INTO `recibo` VALUES (1482, 14, 10, 0, 360, 1519, 12, 2006, 'DIEZ', 2);
INSERT INTO `recibo` VALUES (1483, 10, 20, 0, 360, 1515, 12, 2006, 'VEINTE', 4);
INSERT INTO `recibo` VALUES (1484, 15, 10, 0, 360, 1520, 12, 2006, 'DIEZ', 2);
INSERT INTO `recibo` VALUES (1485, 4, 10, 0, 360, 1509, 12, 2006, 'DIEZ', 2);
INSERT INTO `recibo` VALUES (1486, 8, 20, 0, 360, 1513, 12, 2006, 'VEINTE', 4);
INSERT INTO `recibo` VALUES (1487, 11, 20, 0, 360, 1516, 12, 2006, 'VEINTE', 4);
INSERT INTO `recibo` VALUES (1488, 2, 20, 0, 360, 1507, 12, 2006, 'VEINTE', 4);
INSERT INTO `recibo` VALUES (1489, 3, 20, 0, 360, 1508, 12, 2006, 'VEINTE', 4);
INSERT INTO `recibo` VALUES (1490, 20, 10, 0, 360, 1525, 12, 2006, 'DIEZ', 2);
INSERT INTO `recibo` VALUES (1491, 21, 40, 0, 360, 1526, 12, 2006, 'CUARENTA', 1);
INSERT INTO `recibo` VALUES (1492, 35, 10, 0, 361, 1519, 1, 2007, 'DIEZ', 2);
INSERT INTO `recibo` VALUES (1493, 29, 20, 0, 361, 1513, 1, 2007, 'VEINTE', 4);
INSERT INTO `recibo` VALUES (1494, 41, 10, 0, 361, 1525, 1, 2007, 'DIEZ', 2);
INSERT INTO `recibo` VALUES (1495, 37, 10, 0, 361, 1521, 1, 2007, 'DIEZ', 2);
INSERT INTO `recibo` VALUES (1496, 30, 20, 0, 361, 1514, 1, 2007, 'VEINTE', 4);
INSERT INTO `recibo` VALUES (1497, 34, 20, 0, 361, 1518, 1, 2007, 'VEINTE', 4);
INSERT INTO `recibo` VALUES (1498, 40, 10, 0, 361, 1524, 1, 2007, 'DIEZ', 2);
INSERT INTO `recibo` VALUES (1499, 36, 10, 0, 361, 1520, 1, 2007, 'DIEZ', 2);
INSERT INTO `recibo` VALUES (1500, 23, 20, 0, 361, 1507, 1, 2007, 'VEINTE', 4);
INSERT INTO `recibo` VALUES (1501, 24, 20, 0, 361, 1508, 1, 2007, 'VEINTE', 4);
INSERT INTO `recibo` VALUES (1502, 27, 20, 0, 361, 1511, 1, 2007, 'VEINTE', 4);
INSERT INTO `recibo` VALUES (1503, 31, 20, 0, 361, 1515, 1, 2007, 'VEINTE', 4);
INSERT INTO `recibo` VALUES (1504, 26, 10, 0, 361, 1510, 1, 2007, 'DIEZ', 2);
INSERT INTO `recibo` VALUES (1505, 28, 20, 0, 361, 1512, 1, 2007, 'VEINTE', 4);
INSERT INTO `recibo` VALUES (1506, 42, 40, 0, 361, 1526, 1, 2007, 'CUARENTA', 1);
INSERT INTO `recibo` VALUES (1507, 25, 10, 0, 361, 1509, 1, 2007, 'DIEZ', 2);
INSERT INTO `recibo` VALUES (1508, 32, 20, 0, 361, 1516, 1, 2007, 'VEINTE', 4);
INSERT INTO `recibo` VALUES (1509, 22, 20, 0, 361, 1506, 1, 2007, 'VEINTE', 4);
INSERT INTO `recibo` VALUES (1510, 39, 20, 0, 361, 1523, 1, 2007, 'VEINTE', 4);
INSERT INTO `recibo` VALUES (1511, 33, 20, 0, 361, 1517, 1, 2007, 'VEINTE', 4);
INSERT INTO `recibo` VALUES (1512, 38, 10, 0, 361, 1522, 1, 2007, 'DIEZ', 2);
INSERT INTO `recibo` VALUES (1513, 49, 20, 0, 362, 1512, 2, 2007, 'VEINTE', 4);
INSERT INTO `recibo` VALUES (1514, 48, 20, 0, 362, 1511, 2, 2007, 'VEINTE', 4);
INSERT INTO `recibo` VALUES (1515, 61, 10, 0, 362, 1524, 2, 2007, 'DIEZ', 2);
INSERT INTO `recibo` VALUES (1516, 44, 20, 0, 362, 1507, 2, 2007, 'VEINTE', 4);
INSERT INTO `recibo` VALUES (1517, 57, 10, 0, 362, 1520, 2, 2007, 'DIEZ', 2);
INSERT INTO `recibo` VALUES (1518, 46, 10, 0, 362, 1509, 2, 2007, 'DIEZ', 2);
INSERT INTO `recibo` VALUES (1519, 52, 20, 0, 362, 1515, 2, 2007, 'VEINTE', 4);
INSERT INTO `recibo` VALUES (1520, 43, 20, 0, 362, 1506, 2, 2007, 'VEINTE', 4);
INSERT INTO `recibo` VALUES (1521, 56, 10, 0, 362, 1519, 2, 2007, 'DIEZ', 2);
INSERT INTO `recibo` VALUES (1522, 62, 10, 0, 362, 1525, 2, 2007, 'DIEZ', 2);
INSERT INTO `recibo` VALUES (1523, 50, 20, 0, 362, 1513, 2, 2007, 'VEINTE', 4);
INSERT INTO `recibo` VALUES (1524, 59, 10, 0, 362, 1522, 2, 2007, 'DIEZ', 2);
INSERT INTO `recibo` VALUES (1525, 58, 10, 0, 362, 1521, 2, 2007, 'DIEZ', 2);
INSERT INTO `recibo` VALUES (1526, 47, 10, 0, 362, 1510, 2, 2007, 'DIEZ', 2);
INSERT INTO `recibo` VALUES (1527, 55, 20, 0, 362, 1518, 2, 2007, 'VEINTE', 4);
INSERT INTO `recibo` VALUES (1528, 63, 40, 0, 362, 1526, 2, 2007, 'CUARENTA', 1);
INSERT INTO `recibo` VALUES (1529, 51, 20, 0, 362, 1514, 2, 2007, 'VEINTE', 4);
INSERT INTO `recibo` VALUES (1530, 53, 20, 0, 362, 1516, 2, 2007, 'VEINTE', 4);
INSERT INTO `recibo` VALUES (1531, 60, 20, 0, 362, 1523, 2, 2007, 'VEINTE', 4);
INSERT INTO `recibo` VALUES (1532, 45, 20, 0, 362, 1508, 2, 2007, 'VEINTE', 4);
INSERT INTO `recibo` VALUES (1533, 54, 20, 0, 362, 1517, 2, 2007, 'VEINTE', 4);
INSERT INTO `recibo` VALUES (1534, 66, 20, 0, 363, 1508, 3, 2007, 'VEINTE', 4);
INSERT INTO `recibo` VALUES (1535, 84, 40, 0, 363, 1526, 3, 2007, 'CUARENTA', 1);
INSERT INTO `recibo` VALUES (1536, 81, 20, 0, 363, 1523, 3, 2007, 'VEINTE', 4);
INSERT INTO `recibo` VALUES (1537, 65, 20, 0, 363, 1507, 3, 2007, 'VEINTE', 4);
INSERT INTO `recibo` VALUES (1538, 64, 20, 0, 363, 1506, 3, 2007, 'VEINTE', 4);
INSERT INTO `recibo` VALUES (1539, 80, 10, 0, 363, 1522, 3, 2007, 'DIEZ', 2);
INSERT INTO `recibo` VALUES (1540, 75, 20, 0, 363, 1517, 3, 2007, 'VEINTE', 4);
INSERT INTO `recibo` VALUES (1541, 68, 10, 0, 363, 1510, 3, 2007, 'DIEZ', 2);
INSERT INTO `recibo` VALUES (1542, 74, 20, 0, 363, 1516, 3, 2007, 'VEINTE', 4);
INSERT INTO `recibo` VALUES (1543, 73, 20, 0, 363, 1515, 3, 2007, 'VEINTE', 4);
INSERT INTO `recibo` VALUES (1544, 82, 10, 0, 363, 1524, 3, 2007, 'DIEZ', 2);
INSERT INTO `recibo` VALUES (1545, 69, 20, 0, 363, 1511, 3, 2007, 'VEINTE', 4);
INSERT INTO `recibo` VALUES (1546, 78, 10, 0, 363, 1520, 3, 2007, 'DIEZ', 2);
INSERT INTO `recibo` VALUES (1547, 70, 20, 0, 363, 1512, 3, 2007, 'VEINTE', 4);
INSERT INTO `recibo` VALUES (1548, 72, 20, 0, 363, 1514, 3, 2007, 'VEINTE', 4);
INSERT INTO `recibo` VALUES (1549, 76, 20, 0, 363, 1518, 3, 2007, 'VEINTE', 4);
INSERT INTO `recibo` VALUES (1550, 71, 20, 0, 363, 1513, 3, 2007, 'VEINTE', 4);
INSERT INTO `recibo` VALUES (1551, 77, 10, 0, 363, 1519, 3, 2007, 'DIEZ', 2);
INSERT INTO `recibo` VALUES (1552, 79, 10, 0, 363, 1521, 3, 2007, 'DIEZ', 2);
INSERT INTO `recibo` VALUES (1553, 67, 10, 0, 363, 1509, 3, 2007, 'DIEZ', 2);
INSERT INTO `recibo` VALUES (1554, 83, 10, 0, 363, 1525, 3, 2007, 'DIEZ', 2);
INSERT INTO `recibo` VALUES (1555, 101, 10, 0, 364, 1522, 4, 2007, 'DIEZ', 2);
INSERT INTO `recibo` VALUES (1556, 104, 10, 0, 364, 1525, 4, 2007, 'DIEZ', 2);
INSERT INTO `recibo` VALUES (1557, 88, 10, 0, 364, 1509, 4, 2007, 'DIEZ', 2);
INSERT INTO `recibo` VALUES (1558, 99, 10, 0, 364, 1520, 4, 2007, 'DIEZ', 2);
INSERT INTO `recibo` VALUES (1559, 94, 20, 0, 364, 1515, 4, 2007, 'VEINTE', 4);
INSERT INTO `recibo` VALUES (1560, 100, 10, 0, 364, 1521, 4, 2007, 'DIEZ', 2);
INSERT INTO `recibo` VALUES (1561, 103, 10, 0, 364, 1524, 4, 2007, 'DIEZ', 2);
INSERT INTO `recibo` VALUES (1562, 102, 20, 0, 364, 1523, 4, 2007, 'VEINTE', 4);
INSERT INTO `recibo` VALUES (1563, 105, 40, 0, 364, 1526, 4, 2007, 'CUARENTA', 1);
INSERT INTO `recibo` VALUES (1564, 93, 20, 0, 364, 1514, 4, 2007, 'VEINTE', 4);
INSERT INTO `recibo` VALUES (1565, 98, 10, 0, 364, 1519, 4, 2007, 'DIEZ', 2);
INSERT INTO `recibo` VALUES (1566, 85, 20, 0, 364, 1506, 4, 2007, 'VEINTE', 4);
INSERT INTO `recibo` VALUES (1567, 96, 20, 0, 364, 1517, 4, 2007, 'VEINTE', 4);
INSERT INTO `recibo` VALUES (1568, 89, 10, 0, 364, 1510, 4, 2007, 'DIEZ', 2);
INSERT INTO `recibo` VALUES (1569, 97, 20, 0, 364, 1518, 4, 2007, 'VEINTE', 4);
INSERT INTO `recibo` VALUES (1570, 90, 20, 0, 364, 1511, 4, 2007, 'VEINTE', 4);
INSERT INTO `recibo` VALUES (1571, 87, 20, 0, 364, 1508, 4, 2007, 'VEINTE', 4);
INSERT INTO `recibo` VALUES (1572, 91, 20, 0, 364, 1512, 4, 2007, 'VEINTE', 4);
INSERT INTO `recibo` VALUES (1573, 95, 20, 0, 364, 1516, 4, 2007, 'VEINTE', 4);
INSERT INTO `recibo` VALUES (1574, 86, 20, 0, 364, 1507, 4, 2007, 'VEINTE', 4);
INSERT INTO `recibo` VALUES (1575, 92, 20, 0, 364, 1513, 4, 2007, 'VEINTE', 4);
INSERT INTO `recibo` VALUES (1576, 111, 20, 0, 365, 1511, 5, 2007, 'VEINTE', 4);
INSERT INTO `recibo` VALUES (1577, 126, 40, 0, 365, 1526, 5, 2007, 'CUARENTA', 1);
INSERT INTO `recibo` VALUES (1578, 121, 10, 0, 365, 1521, 5, 2007, 'DIEZ', 2);
INSERT INTO `recibo` VALUES (1579, 124, 10, 0, 365, 1524, 5, 2007, 'DIEZ', 2);
INSERT INTO `recibo` VALUES (1580, 120, 10, 0, 365, 1520, 5, 2007, 'DIEZ', 2);
INSERT INTO `recibo` VALUES (1581, 114, 20, 0, 365, 1514, 5, 2007, 'VEINTE', 4);
INSERT INTO `recibo` VALUES (1582, 125, 10, 0, 365, 1525, 5, 2007, 'DIEZ', 2);
INSERT INTO `recibo` VALUES (1583, 108, 20, 0, 365, 1508, 5, 2007, 'VEINTE', 4);
INSERT INTO `recibo` VALUES (1584, 113, 20, 0, 365, 1513, 5, 2007, 'VEINTE', 4);
INSERT INTO `recibo` VALUES (1585, 110, 10, 0, 365, 1510, 5, 2007, 'DIEZ', 2);
INSERT INTO `recibo` VALUES (1586, 106, 20, 0, 365, 1506, 5, 2007, 'VEINTE', 4);
INSERT INTO `recibo` VALUES (1587, 115, 20, 0, 365, 1515, 5, 2007, 'VEINTE', 4);
INSERT INTO `recibo` VALUES (1588, 118, 20, 0, 365, 1518, 5, 2007, 'VEINTE', 4);
INSERT INTO `recibo` VALUES (1589, 109, 10, 0, 365, 1509, 5, 2007, 'DIEZ', 2);
INSERT INTO `recibo` VALUES (1590, 122, 10, 0, 365, 1522, 5, 2007, 'DIEZ', 2);
INSERT INTO `recibo` VALUES (1591, 119, 10, 0, 365, 1519, 5, 2007, 'DIEZ', 2);
INSERT INTO `recibo` VALUES (1592, 107, 20, 0, 365, 1507, 5, 2007, 'VEINTE', 4);
INSERT INTO `recibo` VALUES (1593, 123, 20, 0, 365, 1523, 5, 2007, 'VEINTE', 4);
INSERT INTO `recibo` VALUES (1594, 112, 20, 0, 365, 1512, 5, 2007, 'VEINTE', 4);
INSERT INTO `recibo` VALUES (1595, 117, 20, 0, 365, 1517, 5, 2007, 'VEINTE', 4);
INSERT INTO `recibo` VALUES (1596, 116, 20, 0, 365, 1516, 5, 2007, 'VEINTE', 4);
INSERT INTO `recibo` VALUES (1597, 144, 20, 0, 366, 1523, 6, 2007, 'VEINTE', 4);
INSERT INTO `recibo` VALUES (1598, 135, 20, 0, 366, 1514, 6, 2007, 'VEINTE', 4);
INSERT INTO `recibo` VALUES (1599, 138, 20, 0, 366, 1517, 6, 2007, 'VEINTE', 4);
INSERT INTO `recibo` VALUES (1600, 130, 10, 0, 366, 1509, 6, 2007, 'DIEZ', 2);
INSERT INTO `recibo` VALUES (1601, 142, 10, 0, 366, 1521, 6, 2007, 'DIEZ', 2);
INSERT INTO `recibo` VALUES (1602, 127, 20, 0, 366, 1506, 6, 2007, 'VEINTE', 4);
INSERT INTO `recibo` VALUES (1603, 141, 10, 0, 366, 1520, 6, 2007, 'DIEZ', 2);
INSERT INTO `recibo` VALUES (1604, 143, 10, 0, 366, 1522, 6, 2007, 'DIEZ', 2);
INSERT INTO `recibo` VALUES (1605, 140, 10, 0, 366, 1519, 6, 2007, 'DIEZ', 2);
INSERT INTO `recibo` VALUES (1606, 131, 10, 0, 366, 1510, 6, 2007, 'DIEZ', 2);
INSERT INTO `recibo` VALUES (1607, 128, 20, 0, 366, 1507, 6, 2007, 'VEINTE', 4);
INSERT INTO `recibo` VALUES (1608, 129, 20, 0, 366, 1508, 6, 2007, 'VEINTE', 4);
INSERT INTO `recibo` VALUES (1609, 139, 20, 0, 366, 1518, 6, 2007, 'VEINTE', 4);
INSERT INTO `recibo` VALUES (1610, 147, 40, 0, 366, 1526, 6, 2007, 'CUARENTA', 1);
INSERT INTO `recibo` VALUES (1611, 133, 20, 0, 366, 1512, 6, 2007, 'VEINTE', 4);
INSERT INTO `recibo` VALUES (1612, 145, 10, 0, 366, 1524, 6, 2007, 'DIEZ', 2);
INSERT INTO `recibo` VALUES (1613, 134, 20, 0, 366, 1513, 6, 2007, 'VEINTE', 4);
INSERT INTO `recibo` VALUES (1614, 136, 20, 0, 366, 1515, 6, 2007, 'VEINTE', 4);
INSERT INTO `recibo` VALUES (1615, 146, 10, 0, 366, 1525, 6, 2007, 'DIEZ', 2);
INSERT INTO `recibo` VALUES (1616, 132, 20, 0, 366, 1511, 6, 2007, 'VEINTE', 4);
INSERT INTO `recibo` VALUES (1617, 137, 20, 0, 366, 1516, 6, 2007, 'VEINTE', 4);
INSERT INTO `recibo` VALUES (1618, 149, 20, 0, 367, 1507, 7, 2007, 'VEINTE', 4);
INSERT INTO `recibo` VALUES (1619, 166, 10, 0, 367, 1524, 7, 2007, 'DIEZ', 2);
INSERT INTO `recibo` VALUES (1620, 165, 20, 0, 367, 1523, 7, 2007, 'VEINTE', 4);
INSERT INTO `recibo` VALUES (1621, 153, 20, 0, 367, 1511, 7, 2007, 'VEINTE', 4);
INSERT INTO `recibo` VALUES (1622, 158, 20, 0, 367, 1516, 7, 2007, 'VEINTE', 4);
INSERT INTO `recibo` VALUES (1623, 161, 10, 0, 367, 1519, 7, 2007, 'DIEZ', 2);
INSERT INTO `recibo` VALUES (1624, 150, 20, 0, 367, 1508, 7, 2007, 'VEINTE', 4);
INSERT INTO `recibo` VALUES (1625, 159, 20, 0, 367, 1517, 7, 2007, 'VEINTE', 4);
INSERT INTO `recibo` VALUES (1626, 157, 20, 0, 367, 1515, 7, 2007, 'VEINTE', 4);
INSERT INTO `recibo` VALUES (1627, 154, 20, 0, 367, 1512, 7, 2007, 'VEINTE', 4);
INSERT INTO `recibo` VALUES (1628, 160, 20, 0, 367, 1518, 7, 2007, 'VEINTE', 4);
INSERT INTO `recibo` VALUES (1629, 164, 10, 0, 367, 1522, 7, 2007, 'DIEZ', 2);
INSERT INTO `recibo` VALUES (1630, 155, 20, 0, 367, 1513, 7, 2007, 'VEINTE', 4);
INSERT INTO `recibo` VALUES (1631, 168, 40, 0, 367, 1526, 7, 2007, 'CUARENTA', 1);
INSERT INTO `recibo` VALUES (1632, 151, 10, 0, 367, 1509, 7, 2007, 'DIEZ', 2);
INSERT INTO `recibo` VALUES (1633, 156, 20, 0, 367, 1514, 7, 2007, 'VEINTE', 4);
INSERT INTO `recibo` VALUES (1634, 163, 10, 0, 367, 1521, 7, 2007, 'DIEZ', 2);
INSERT INTO `recibo` VALUES (1635, 148, 20, 0, 367, 1506, 7, 2007, 'VEINTE', 4);
INSERT INTO `recibo` VALUES (1636, 162, 10, 0, 367, 1520, 7, 2007, 'DIEZ', 2);
INSERT INTO `recibo` VALUES (1637, 152, 10, 0, 367, 1510, 7, 2007, 'DIEZ', 2);
INSERT INTO `recibo` VALUES (1638, 167, 10, 0, 367, 1525, 7, 2007, 'DIEZ', 2);
INSERT INTO `recibo` VALUES (1639, 173, 10, 0, 368, 1510, 8, 2007, 'DIEZ', 2);
INSERT INTO `recibo` VALUES (1640, 188, 10, 0, 368, 1525, 8, 2007, 'DIEZ', 2);
INSERT INTO `recibo` VALUES (1641, 186, 20, 0, 368, 1523, 8, 2007, 'VEINTE', 4);
INSERT INTO `recibo` VALUES (1642, 187, 10, 0, 368, 1524, 8, 2007, 'DIEZ', 2);
INSERT INTO `recibo` VALUES (1643, 183, 10, 0, 368, 1520, 8, 2007, 'DIEZ', 2);
INSERT INTO `recibo` VALUES (1644, 177, 20, 0, 368, 1514, 8, 2007, 'VEINTE', 4);
INSERT INTO `recibo` VALUES (1645, 184, 10, 0, 368, 1521, 8, 2007, 'DIEZ', 2);
INSERT INTO `recibo` VALUES (1646, 172, 10, 0, 368, 1509, 8, 2007, 'DIEZ', 2);
INSERT INTO `recibo` VALUES (1647, 189, 40, 0, 368, 1526, 8, 2007, 'CUARENTA', 1);
INSERT INTO `recibo` VALUES (1648, 176, 20, 0, 368, 1513, 8, 2007, 'VEINTE', 4);
INSERT INTO `recibo` VALUES (1649, 174, 20, 0, 368, 1511, 8, 2007, 'VEINTE', 4);
INSERT INTO `recibo` VALUES (1650, 170, 20, 0, 368, 1507, 8, 2007, 'VEINTE', 4);
INSERT INTO `recibo` VALUES (1651, 179, 20, 0, 368, 1516, 8, 2007, 'VEINTE', 4);
INSERT INTO `recibo` VALUES (1652, 180, 20, 0, 368, 1517, 8, 2007, 'VEINTE', 4);
INSERT INTO `recibo` VALUES (1653, 178, 20, 0, 368, 1515, 8, 2007, 'VEINTE', 4);
INSERT INTO `recibo` VALUES (1654, 185, 10, 0, 368, 1522, 8, 2007, 'DIEZ', 2);
INSERT INTO `recibo` VALUES (1655, 169, 20, 0, 368, 1506, 8, 2007, 'VEINTE', 4);
INSERT INTO `recibo` VALUES (1656, 171, 20, 0, 368, 1508, 8, 2007, 'VEINTE', 4);
INSERT INTO `recibo` VALUES (1657, 181, 20, 0, 368, 1518, 8, 2007, 'VEINTE', 4);
INSERT INTO `recibo` VALUES (1658, 182, 10, 0, 368, 1519, 8, 2007, 'DIEZ', 2);
INSERT INTO `recibo` VALUES (1659, 175, 20, 0, 368, 1512, 8, 2007, 'VEINTE', 4);
INSERT INTO `recibo` VALUES (1660, 210, 40, 0, 369, 1526, 9, 2007, 'CUARENTA', 1);
INSERT INTO `recibo` VALUES (1661, 204, 10, 0, 369, 1520, 9, 2007, 'DIEZ', 2);
INSERT INTO `recibo` VALUES (1662, 198, 20, 0, 369, 1514, 9, 2007, 'VEINTE', 4);
INSERT INTO `recibo` VALUES (1663, 200, 20, 0, 369, 1516, 9, 2007, 'VEINTE', 4);
INSERT INTO `recibo` VALUES (1664, 205, 10, 0, 369, 1521, 9, 2007, 'DIEZ', 2);
INSERT INTO `recibo` VALUES (1665, 197, 20, 0, 369, 1513, 9, 2007, 'VEINTE', 4);
INSERT INTO `recibo` VALUES (1666, 209, 10, 0, 369, 1525, 9, 2007, 'DIEZ', 2);
INSERT INTO `recibo` VALUES (1667, 195, 20, 0, 369, 1511, 9, 2007, 'VEINTE', 4);
INSERT INTO `recibo` VALUES (1668, 199, 20, 0, 369, 1515, 9, 2007, 'VEINTE', 4);
INSERT INTO `recibo` VALUES (1669, 203, 10, 0, 369, 1519, 9, 2007, 'DIEZ', 2);
INSERT INTO `recibo` VALUES (1670, 194, 10, 0, 369, 1510, 9, 2007, 'DIEZ', 2);
INSERT INTO `recibo` VALUES (1671, 208, 10, 0, 369, 1524, 9, 2007, 'DIEZ', 2);
INSERT INTO `recibo` VALUES (1672, 207, 20, 0, 369, 1523, 9, 2007, 'VEINTE', 4);
INSERT INTO `recibo` VALUES (1673, 206, 10, 0, 369, 1522, 9, 2007, 'DIEZ', 2);
INSERT INTO `recibo` VALUES (1674, 193, 10, 0, 369, 1509, 9, 2007, 'DIEZ', 2);
INSERT INTO `recibo` VALUES (1675, 192, 20, 0, 369, 1508, 9, 2007, 'VEINTE', 4);
INSERT INTO `recibo` VALUES (1676, 201, 20, 0, 369, 1517, 9, 2007, 'VEINTE', 4);
INSERT INTO `recibo` VALUES (1677, 202, 20, 0, 369, 1518, 9, 2007, 'VEINTE', 4);
INSERT INTO `recibo` VALUES (1678, 191, 20, 0, 369, 1507, 9, 2007, 'VEINTE', 4);
INSERT INTO `recibo` VALUES (1679, 196, 20, 0, 369, 1512, 9, 2007, 'VEINTE', 4);
INSERT INTO `recibo` VALUES (1680, 190, 20, 0, 369, 1506, 9, 2007, 'VEINTE', 4);
INSERT INTO `recibo` VALUES (1681, 221, 20, 0, 370, 1516, 10, 2007, 'VEINTE', 4);
INSERT INTO `recibo` VALUES (1682, 229, 10, 0, 370, 1524, 10, 2007, 'DIEZ', 2);
INSERT INTO `recibo` VALUES (1683, 230, 10, 0, 370, 1525, 10, 2007, 'DIEZ', 2);
INSERT INTO `recibo` VALUES (1684, 213, 20, 0, 370, 1508, 10, 2007, 'VEINTE', 4);
INSERT INTO `recibo` VALUES (1685, 214, 10, 0, 370, 1509, 10, 2007, 'DIEZ', 2);
INSERT INTO `recibo` VALUES (1686, 226, 10, 0, 370, 1521, 10, 2007, 'DIEZ', 2);
INSERT INTO `recibo` VALUES (1687, 216, 20, 0, 370, 1511, 10, 2007, 'VEINTE', 4);
INSERT INTO `recibo` VALUES (1688, 218, 20, 0, 370, 1513, 10, 2007, 'VEINTE', 4);
INSERT INTO `recibo` VALUES (1689, 231, 40, 0, 370, 1526, 10, 2007, 'CUARENTA', 1);
INSERT INTO `recibo` VALUES (1690, 219, 20, 0, 370, 1514, 10, 2007, 'VEINTE', 4);
INSERT INTO `recibo` VALUES (1691, 225, 10, 0, 370, 1520, 10, 2007, 'DIEZ', 2);
INSERT INTO `recibo` VALUES (1692, 211, 20, 0, 370, 1506, 10, 2007, 'VEINTE', 4);
INSERT INTO `recibo` VALUES (1693, 227, 10, 0, 370, 1522, 10, 2007, 'DIEZ', 2);
INSERT INTO `recibo` VALUES (1694, 222, 20, 0, 370, 1517, 10, 2007, 'VEINTE', 4);
INSERT INTO `recibo` VALUES (1695, 220, 20, 0, 370, 1515, 10, 2007, 'VEINTE', 4);
INSERT INTO `recibo` VALUES (1696, 224, 10, 0, 370, 1519, 10, 2007, 'DIEZ', 2);
INSERT INTO `recibo` VALUES (1697, 217, 20, 0, 370, 1512, 10, 2007, 'VEINTE', 4);
INSERT INTO `recibo` VALUES (1698, 212, 20, 0, 370, 1507, 10, 2007, 'VEINTE', 4);
INSERT INTO `recibo` VALUES (1699, 215, 10, 0, 370, 1510, 10, 2007, 'DIEZ', 2);
INSERT INTO `recibo` VALUES (1700, 223, 20, 0, 370, 1518, 10, 2007, 'VEINTE', 4);
INSERT INTO `recibo` VALUES (1701, 228, 20, 0, 370, 1523, 10, 2007, 'VEINTE', 4);
INSERT INTO `recibo` VALUES (1702, 235, 10, 0, 371, 1509, 11, 2007, 'DIEZ', 2);
INSERT INTO `recibo` VALUES (1703, 238, 20, 0, 371, 1512, 11, 2007, 'VEINTE', 4);
INSERT INTO `recibo` VALUES (1704, 246, 10, 0, 371, 1520, 11, 2007, 'DIEZ', 2);
INSERT INTO `recibo` VALUES (1705, 232, 20, 0, 371, 1506, 11, 2007, 'VEINTE', 4);
INSERT INTO `recibo` VALUES (1706, 242, 20, 0, 371, 1516, 11, 2007, 'VEINTE', 4);
INSERT INTO `recibo` VALUES (1707, 233, 20, 0, 371, 1507, 11, 2007, 'VEINTE', 4);
INSERT INTO `recibo` VALUES (1708, 241, 20, 0, 371, 1515, 11, 2007, 'VEINTE', 4);
INSERT INTO `recibo` VALUES (1709, 243, 20, 0, 371, 1517, 11, 2007, 'VEINTE', 4);
INSERT INTO `recibo` VALUES (1710, 247, 10, 0, 371, 1521, 11, 2007, 'DIEZ', 2);
INSERT INTO `recibo` VALUES (1711, 237, 20, 0, 371, 1511, 11, 2007, 'VEINTE', 4);
INSERT INTO `recibo` VALUES (1712, 239, 20, 0, 371, 1513, 11, 2007, 'VEINTE', 4);
INSERT INTO `recibo` VALUES (1713, 248, 10, 0, 371, 1522, 11, 2007, 'DIEZ', 2);
INSERT INTO `recibo` VALUES (1714, 236, 10, 0, 371, 1510, 11, 2007, 'DIEZ', 2);
INSERT INTO `recibo` VALUES (1715, 240, 20, 0, 371, 1514, 11, 2007, 'VEINTE', 4);
INSERT INTO `recibo` VALUES (1716, 244, 20, 0, 371, 1518, 11, 2007, 'VEINTE', 4);
INSERT INTO `recibo` VALUES (1717, 245, 10, 0, 371, 1519, 11, 2007, 'DIEZ', 2);
INSERT INTO `recibo` VALUES (1718, 252, 40, 0, 371, 1526, 11, 2007, 'CUARENTA', 1);
INSERT INTO `recibo` VALUES (1719, 249, 20, 0, 371, 1523, 11, 2007, 'VEINTE', 4);
INSERT INTO `recibo` VALUES (1720, 250, 10, 0, 371, 1524, 11, 2007, 'DIEZ', 2);
INSERT INTO `recibo` VALUES (1721, 251, 10, 0, 371, 1525, 11, 2007, 'DIEZ', 2);
INSERT INTO `recibo` VALUES (1722, 234, 20, 0, 371, 1508, 11, 2007, 'VEINTE', 4);
INSERT INTO `recibo` VALUES (1723, 258, 20, 0, 372, 1511, 12, 2007, 'VEINTE', 4);
INSERT INTO `recibo` VALUES (1724, 253, 20, 0, 372, 1506, 12, 2007, 'VEINTE', 4);
INSERT INTO `recibo` VALUES (1725, 266, 10, 0, 372, 1519, 12, 2007, 'DIEZ', 2);
INSERT INTO `recibo` VALUES (1726, 259, 20, 0, 372, 1512, 12, 2007, 'VEINTE', 4);
INSERT INTO `recibo` VALUES (1727, 270, 20, 0, 372, 1523, 12, 2007, 'VEINTE', 4);
INSERT INTO `recibo` VALUES (1728, 254, 20, 0, 372, 1507, 12, 2007, 'VEINTE', 4);
INSERT INTO `recibo` VALUES (1729, 267, 10, 0, 372, 1520, 12, 2007, 'DIEZ', 2);
INSERT INTO `recibo` VALUES (1730, 260, 20, 0, 372, 1513, 12, 2007, 'VEINTE', 4);
INSERT INTO `recibo` VALUES (1731, 272, 10, 0, 372, 1525, 12, 2007, 'DIEZ', 2);
INSERT INTO `recibo` VALUES (1732, 257, 10, 0, 372, 1510, 12, 2007, 'DIEZ', 2);
INSERT INTO `recibo` VALUES (1733, 255, 20, 0, 372, 1508, 12, 2007, 'VEINTE', 4);
INSERT INTO `recibo` VALUES (1734, 256, 10, 0, 372, 1509, 12, 2007, 'DIEZ', 2);
INSERT INTO `recibo` VALUES (1735, 263, 20, 0, 372, 1516, 12, 2007, 'VEINTE', 4);
INSERT INTO `recibo` VALUES (1736, 273, 40, 0, 372, 1526, 12, 2007, 'CUARENTA', 1);
INSERT INTO `recibo` VALUES (1737, 268, 10, 0, 372, 1521, 12, 2007, 'DIEZ', 2);
INSERT INTO `recibo` VALUES (1738, 264, 20, 0, 372, 1517, 12, 2007, 'VEINTE', 4);
INSERT INTO `recibo` VALUES (1739, 261, 20, 0, 372, 1514, 12, 2007, 'VEINTE', 4);
INSERT INTO `recibo` VALUES (1740, 271, 10, 0, 372, 1524, 12, 2007, 'DIEZ', 2);
INSERT INTO `recibo` VALUES (1741, 269, 10, 0, 372, 1522, 12, 2007, 'DIEZ', 2);
INSERT INTO `recibo` VALUES (1742, 265, 20, 0, 372, 1518, 12, 2007, 'VEINTE', 4);
INSERT INTO `recibo` VALUES (1743, 262, 20, 0, 372, 1515, 12, 2007, 'VEINTE', 4);
INSERT INTO `recibo` VALUES (1744, 277, 10, 0, 373, 1509, 1, 2008, 'DIEZ', 2);
INSERT INTO `recibo` VALUES (1745, 285, 20, 0, 373, 1517, 1, 2008, 'VEINTE', 4);
INSERT INTO `recibo` VALUES (1746, 288, 10, 0, 373, 1520, 1, 2008, 'DIEZ', 2);
INSERT INTO `recibo` VALUES (1747, 293, 10, 0, 373, 1525, 1, 2008, 'DIEZ', 2);
INSERT INTO `recibo` VALUES (1748, 280, 20, 0, 373, 1512, 1, 2008, 'VEINTE', 4);
INSERT INTO `recibo` VALUES (1749, 281, 20, 0, 373, 1513, 1, 2008, 'VEINTE', 4);
INSERT INTO `recibo` VALUES (1750, 275, 20, 0, 373, 1507, 1, 2008, 'VEINTE', 4);
INSERT INTO `recibo` VALUES (1751, 274, 20, 0, 373, 1506, 1, 2008, 'VEINTE', 4);
INSERT INTO `recibo` VALUES (1752, 283, 20, 0, 373, 1515, 1, 2008, 'VEINTE', 4);
INSERT INTO `recibo` VALUES (1753, 292, 10, 0, 373, 1524, 1, 2008, 'DIEZ', 2);
INSERT INTO `recibo` VALUES (1754, 279, 20, 0, 373, 1511, 1, 2008, 'VEINTE', 4);
INSERT INTO `recibo` VALUES (1755, 291, 20, 0, 373, 1523, 1, 2008, 'VEINTE', 4);
INSERT INTO `recibo` VALUES (1756, 278, 10, 0, 373, 1510, 1, 2008, 'DIEZ', 2);
INSERT INTO `recibo` VALUES (1757, 289, 10, 0, 373, 1521, 1, 2008, 'DIEZ', 2);
INSERT INTO `recibo` VALUES (1758, 290, 10, 0, 373, 1522, 1, 2008, 'DIEZ', 2);
INSERT INTO `recibo` VALUES (1759, 282, 20, 0, 373, 1514, 1, 2008, 'VEINTE', 4);
INSERT INTO `recibo` VALUES (1760, 294, 40, 0, 373, 1526, 1, 2008, 'CUARENTA', 1);
INSERT INTO `recibo` VALUES (1761, 284, 20, 0, 373, 1516, 1, 2008, 'VEINTE', 4);
INSERT INTO `recibo` VALUES (1762, 287, 10, 0, 373, 1519, 1, 2008, 'DIEZ', 2);
INSERT INTO `recibo` VALUES (1763, 276, 20, 0, 373, 1508, 1, 2008, 'VEINTE', 4);
INSERT INTO `recibo` VALUES (1764, 286, 20, 0, 373, 1518, 1, 2008, 'VEINTE', 4);
INSERT INTO `recibo` VALUES (1765, 309, 10, 0, 374, 1520, 2, 2008, 'DIEZ', 2);
INSERT INTO `recibo` VALUES (1766, 296, 20, 0, 374, 1507, 2, 2008, 'VEINTE', 4);
INSERT INTO `recibo` VALUES (1767, 302, 20, 0, 374, 1513, 2, 2008, 'VEINTE', 4);
INSERT INTO `recibo` VALUES (1768, 298, 10, 0, 374, 1509, 2, 2008, 'DIEZ', 2);
INSERT INTO `recibo` VALUES (1769, 305, 20, 0, 374, 1516, 2, 2008, 'VEINTE', 4);
INSERT INTO `recibo` VALUES (1770, 299, 10, 0, 374, 1510, 2, 2008, 'DIEZ', 2);
INSERT INTO `recibo` VALUES (1771, 303, 20, 0, 374, 1514, 2, 2008, 'VEINTE', 4);
INSERT INTO `recibo` VALUES (1772, 307, 20, 0, 374, 1518, 2, 2008, 'VEINTE', 4);
INSERT INTO `recibo` VALUES (1773, 314, 10, 0, 374, 1525, 2, 2008, 'DIEZ', 2);
INSERT INTO `recibo` VALUES (1774, 295, 20, 0, 374, 1506, 2, 2008, 'VEINTE', 4);
INSERT INTO `recibo` VALUES (1775, 297, 20, 0, 374, 1508, 2, 2008, 'VEINTE', 4);
INSERT INTO `recibo` VALUES (1776, 308, 10, 0, 374, 1519, 2, 2008, 'DIEZ', 2);
INSERT INTO `recibo` VALUES (1777, 306, 20, 0, 374, 1517, 2, 2008, 'VEINTE', 4);
INSERT INTO `recibo` VALUES (1778, 311, 10, 0, 374, 1522, 2, 2008, 'DIEZ', 2);
INSERT INTO `recibo` VALUES (1779, 312, 20, 0, 374, 1523, 2, 2008, 'VEINTE', 4);
INSERT INTO `recibo` VALUES (1780, 315, 40, 0, 374, 1526, 2, 2008, 'CUARENTA', 1);
INSERT INTO `recibo` VALUES (1781, 313, 10, 0, 374, 1524, 2, 2008, 'DIEZ', 2);
INSERT INTO `recibo` VALUES (1782, 310, 10, 0, 374, 1521, 2, 2008, 'DIEZ', 2);
INSERT INTO `recibo` VALUES (1783, 300, 20, 0, 374, 1511, 2, 2008, 'VEINTE', 4);
INSERT INTO `recibo` VALUES (1784, 304, 20, 0, 374, 1515, 2, 2008, 'VEINTE', 4);
INSERT INTO `recibo` VALUES (1785, 301, 20, 0, 374, 1512, 2, 2008, 'VEINTE', 4);

-- --------------------------------------------------------

-- 
-- Estructura de tabla para la tabla `socio`
-- 

CREATE TABLE `socio` (
  `id_socio` int(10) unsigned NOT NULL auto_increment,
  `nombre` varchar(45) NOT NULL,
  `apellido` varchar(45) NOT NULL,
  `dni` bigint(20) unsigned NOT NULL,
  `fecha_nacimiento` date NOT NULL,
  `edad_afiliacion` int(10) unsigned NOT NULL,
  `id_titular` int(10) unsigned default NULL,
  `id_zona` int(10) unsigned NOT NULL,
  `id_categoria` int(10) unsigned NOT NULL,
  `tipo_documento` varchar(5) NOT NULL,
  PRIMARY KEY  (`id_socio`),
  KEY `FK_socio1` (`id_titular`),
  KEY `FK_socio2` (`id_zona`),
  KEY `FK_socio3` (`id_categoria`)
) ENGINE=InnoDB DEFAULT CHARSET=latin1 COMMENT='InnoDB free: 10240 kB' AUTO_INCREMENT=1530 ;

-- 
-- Volcar la base de datos para la tabla `socio`
-- 

INSERT INTO `socio` VALUES (1506, 'ANDREA GABRIELA', 'D''ANGELO', 31445670, '1981-11-27', 1, NULL, 1, 4, 'DNI');
INSERT INTO `socio` VALUES (1507, 'JUAN IGNACIO', 'DÍAZ', 31445671, '1981-11-27', 1, NULL, 1, 4, 'DNI');
INSERT INTO `socio` VALUES (1508, 'JOSÉ', 'DE LA FUENTE', 31445672, '1981-11-27', 1, NULL, 1, 4, 'DNI');
INSERT INTO `socio` VALUES (1509, 'CECILIA', 'GIMENEZ', 31445673, '2001-11-27', 1, NULL, 1, 2, 'DNI');
INSERT INTO `socio` VALUES (1510, 'SILVANA', 'NUÑEZ', 31445674, '2002-11-27', 1, NULL, 1, 2, 'DNI');
INSERT INTO `socio` VALUES (1511, 'GABRIEL', 'ITURRASPE FREYRE', 31445675, '1981-11-27', 1, NULL, 2, 4, 'DNI');
INSERT INTO `socio` VALUES (1512, 'BRUNO', 'LÜRIG', 31445676, '1981-11-27', 1, NULL, 2, 4, 'DNI');
INSERT INTO `socio` VALUES (1513, 'ANA', 'FERNANDEZ', 31445677, '1981-11-27', 1, NULL, 2, 4, 'DNI');
INSERT INTO `socio` VALUES (1514, 'ANDRÉS', 'PEREZ', 31445678, '1981-11-27', 1, NULL, 2, 4, 'DNI');
INSERT INTO `socio` VALUES (1515, 'LAUTARO', 'SANTUCCI', 31445679, '1981-11-27', 1, NULL, 3, 4, 'DNI');
INSERT INTO `socio` VALUES (1516, 'EXEQUIEL', 'KREIG', 31445680, '1981-11-27', 1, NULL, 3, 4, 'DNI');
INSERT INTO `socio` VALUES (1517, 'GIMENA', 'DOMINGUEZ', 31445681, '1981-11-27', 1, NULL, 3, 4, 'DNI');
INSERT INTO `socio` VALUES (1518, 'LUCIA', 'GOMEZ', 31445682, '1981-11-27', 1, NULL, 3, 4, 'DNI');
INSERT INTO `socio` VALUES (1519, 'LAUTARITO', 'SANTUCCI', 35445679, '2001-11-27', 1, NULL, 3, 2, 'DNI');
INSERT INTO `socio` VALUES (1520, 'PABLITO', 'KREIG', 35445680, '2000-11-27', 1, NULL, 3, 2, 'DNI');
INSERT INTO `socio` VALUES (1521, 'JUANCITO', 'DOMINGUEZ', 35445681, '1999-11-27', 1, NULL, 3, 2, 'DNI');
INSERT INTO `socio` VALUES (1522, 'MARIANITO', 'GOMEZ', 35445682, '1998-11-27', 1, NULL, 3, 2, 'DNI');
INSERT INTO `socio` VALUES (1523, 'NICOLÁS', 'GUTIERREZ', 31445683, '1981-11-27', 1, NULL, 4, 4, 'DNI');
INSERT INTO `socio` VALUES (1524, 'BRIAN', 'GUTIERREZ', 35445685, '2000-11-27', 1, NULL, 4, 2, 'DNI');
INSERT INTO `socio` VALUES (1525, 'BRUNITO', 'LÜRIG', 35445688, '2001-11-27', 1, NULL, 4, 2, 'DNI');
INSERT INTO `socio` VALUES (1526, 'PEPE', 'ARGENTO', 31445684, '1981-11-27', 1, NULL, 1, 1, 'DNI');
INSERT INTO `socio` VALUES (1527, 'MÓNICA', 'ARGENTO', 31445685, '1981-11-27', 1, 1526, 3, 1, 'DNI');
INSERT INTO `socio` VALUES (1528, 'COQUI', 'ARGENTO', 31445686, '1989-11-27', 1, 1526, 2, 1, 'DNI');
INSERT INTO `socio` VALUES (1529, 'PAOLA', 'ARGENTO', 31445687, '1988-11-27', 1, 1526, 4, 1, 'DNI');

-- --------------------------------------------------------

-- 
-- Estructura de tabla para la tabla `zona`
-- 

CREATE TABLE `zona` (
  `id_zona` int(10) unsigned NOT NULL auto_increment,
  `id_cobrador` int(10) unsigned NOT NULL,
  PRIMARY KEY  (`id_zona`),
  KEY `FK_zona_1` (`id_cobrador`)
) ENGINE=InnoDB DEFAULT CHARSET=latin1 AUTO_INCREMENT=6 ;

-- 
-- Volcar la base de datos para la tabla `zona`
-- 

INSERT INTO `zona` VALUES (1, 1);
INSERT INTO `zona` VALUES (2, 1);
INSERT INTO `zona` VALUES (3, 1);
INSERT INTO `zona` VALUES (4, 2);
INSERT INTO `zona` VALUES (5, 3);

-- 
-- Filtros para las tablas descargadas (dump)
-- 

-- 
-- Filtros para la tabla `recibo`
-- 
ALTER TABLE `recibo`
  ADD CONSTRAINT `FK_recibo_1` FOREIGN KEY (`id_liq`) REFERENCES `liquidacion` (`id_liq`),
  ADD CONSTRAINT `FK_recibo_2` FOREIGN KEY (`id_socio`) REFERENCES `socio` (`id_socio`),
  ADD CONSTRAINT `FK_recibo_3` FOREIGN KEY (`id_categoria`) REFERENCES `categoria` (`id_categoria`);

-- 
-- Filtros para la tabla `socio`
-- 
ALTER TABLE `socio`
  ADD CONSTRAINT `FK_socio1` FOREIGN KEY (`id_titular`) REFERENCES `socio` (`id_socio`),
  ADD CONSTRAINT `FK_socio2` FOREIGN KEY (`id_zona`) REFERENCES `zona` (`id_zona`),
  ADD CONSTRAINT `FK_socio3` FOREIGN KEY (`id_categoria`) REFERENCES `categoria` (`id_categoria`);

-- 
-- Filtros para la tabla `zona`
-- 
ALTER TABLE `zona`
  ADD CONSTRAINT `FK_zona_1` FOREIGN KEY (`id_cobrador`) REFERENCES `cobrador` (`id_cobrador`);
